Source,Df,SumOfSqs,R2,F,Pr(>F)
Model,2,4.424046910070637,0.009428663662707741,7.6242460454734,0.001
Residual,1602,464.78845958420925,0.9905713363372922,NA,NA
Total,1604,469.2125064942799,1,NA,NA
